id_text,lemma
Q005360,Nabu-apla-uṣur[Nabopolassar-king-of-Babylon]RN šarru[king]N Babili[Babylon]SN terṣu[pointing]N qātu[hand]N Nabu[1]DN u[and]CNJ Marduk[1]DN anāku[I]IP Imgur-Enlil[1]ON dūru[(city)-wall]N rabû[great]AJ ša[of]DET Babili[Babylon]SN ša[that]REL ullânu[there]AV enēšu[be(come)-weak]V qâpu[fall-down]V ina[in]PRP kigallu[socle]N rēštû[first]AJ kânu[be(come)-permanent]V uššu[foundation]N ina[in]PRP ummānu[military-force]N dikûtu[levy]N mātu[land]N eššiš[anew]AV lū[may]MOD banû[create]V ana[to]PRP šāru[wind]N erbe[four]NU Babili[Babylon]SN lū[may]MOD sahāru[go-around]V kīma[like]PRP ša[of]DET ūmu[day]N ullû[that]DP rēšu[head]N lū[may]MOD elû[go-up]V dūru[(city)-wall]N ana[to]PRP Marduk[1]DN bēlu[lord]N damqu[good-one]N zakāru[speak]V
Q005361,Nabu-apla-uṣur[Nabopolassar-king-of-Babylon]RN šarru[king]N Babili[Babylon]SN terṣu[pointing]N qātu[hand]N Nabu[1]DN u[and]CNJ Marduk[1]DN anāku[I]IP Imgur-Enlil[1]ON dūru[(city)-wall]N rabû[great]AJ ša[of]DET Babili[Babylon]SN ištu[from]PRP kišādu[neck]N Arahtu[1]WN šiddu[side]N elû[upper]AJ ša[of]DET abullu[gate]N Ištar[1]DN adi[until]PRP šiddu[side]N šaplû[lower]AJ ša[of]DET abullu[gate]N Uraš[1]DN temmēnu[foundation]N labīru[old]AJ ṣubbû[observe]V mithāriš[in-the-same-manner]AV ana[to]PRP Marduk[1]DN bēlu[lord]N lū[may]MOD epēšu[do]V dūru[(city)-wall]N ana[to]PRP Marduk[1]DN qabû[say]V damqu[good-one]N
Q005362,Nabu-apla-uṣur[Nabopolassar-king-of-Babylon]RN šarru[king]N mīšaru[justice]N rēʾû[shepherd]N nibītu[naming]N Marduk[1]DN binûtu[creation]N Ninmena[1]DN rubātu[queen]N ṣīru[exalted]AJ šarratu[queen]N ǎrratu[queen]N terṣu[pointing]N qātu[hand]N Nabu[1]DN u[and]CNJ Tašmetu[1]DN rubû[ruler]N narāmu[loved-one]N Ninšiku[1]DN inu[when]SBJ ina[in]PRP meṣherūtu[childhood]N māru[son]N lā[not]MOD mammāna[who(so)ever]XP anāku[I]IP ešertu[chapel]N Nabu[1]DN u[and]CNJ Marduk[1]DN bēlu[lord]N šeʾû[seek-(out)]V kayyānu[constant]AJ ša[of]DET kânu[be(come)-permanent]V parṣu[rite]N u[and]CNJ šalāmu[be(come)-healthy]V kidudû[rites]N awû[speak]V kabattu[liver]N ana[to]PRP kittu[steadiness]N u[and]CNJ mīšaru[justice]N bašû[existing]AJ uznu[ear]N Šazu[1]DN bēlu[lord]N mūdû[knower]N libbu[interior]N ilu[god]N ša[of]DET šamû[heaven]N u[and]CNJ erṣetu[earth]N ša[that]REL takkalātu[clever-behaviour]N nišu[people]N barû[see]V kayyānu[constant]AJ yâši[to-me]IP ṣehru[child]N ša[that]REL ina[in]PRP nišu[people]N lā[not]MOD watû[find]V ša[of]DET libbu[interior]N barû[see]V ina[in]PRP mātu[land]N banû[create]V šakānu[put]V ana[to]PRP rēštu[beginning]N ana[to]PRP bēlūtu[rule]N mātu[land]N u[and]CNJ nišu[people]N nabû[name]V nibītu[naming]N alāku[go]V lamassu[(a-type-of-sphinx)]N dumqu[goodness]N ina[in]PRP idu[arm]N ina[in]PRP mimma[anything]XP epēšu[do]V šalāmu[be(come)-healthy]V šipru[sending]N Nergal[1]DN dandannu[all-powerful]AJ ilu[god]N alāku[go]V idu[arm]N nêru[strike]V ayyābu[enemy]N maqātu[fall]V gērû[opponent]N Aššuru[Assyrian]EN ša[that]REL ina[in]PRP zērūtu[hatred]N ilu[god]N mātu[land]N Akkad[1]GN bêlu[rule-(over)]V ina[in]PRP nīru[yoke]N kabtu[heavy]AJ nazāqu[creak]V nišu[people]N mātu[land]N anāku[I]IP enšu[weak-one]N pisnuqu[powerless-one]N mušteʾʾû[repeatedly-searching]N bēlu[lord]N bēlu[lord]N ina[in]PRP emūqu[strength]N gašru[very-strong]AJ ša[of]DET Nabu[1]DN u[and]CNJ Marduk[1]DN bēlu[lord]N ištu[from]PRP mātu[land]N Akkad[1]GN šēpu[foot]N parāsu[stop]V nīru[yoke]N nadû[throw-(down)]V inūšu[at-that-time]AV Nabu-apla-uṣur[Nabopolassar-king-of-Babylon]RN šarru[king]N Babili[Babylon]SN muṭibbu[one-who-pleases]N libbu[interior]N Nabu[1]DN u[and]CNJ Marduk[1]DN anāku[I]IP Imgur-Enlil[1]ON dūru[(city)-wall]N rabû[great]AJ ša[of]DET Babili[Babylon]SN pulukku[boundary-marker]N rēštû[first]AJ ša[that]REL ištu[from]PRP ṣiātu[distant-time]N šūpû[made-apparent]AJ kisurrû[border]N šuršudu[firmly-founded]AJ ša[that]REL labāru[be(come)-old]V dūru[permanence]N ūmu[day]N kinnû[mountain]N zaqru[high]AJ ša[that]REL šitnunu[raised-up-to]AJ šamāmū[heavens]N tukšu[shield]N dannu[strong]AJ edlu[shut]AJ pû[mouth]N mātu[land]N ayyābu[enemy]N tarbaṣu[pen]N šuddulu[very-wide]AJ ša[of]DET Igigi[1]DN kisallu[forecourt]N palkû[broad]AJ ša[of]DET Anunnaku[1]DN mēlītu[step]N šamāmū[heavens]N simmiltu[stair(case)]N ganzer[underworld]N nanzāzu[that-stands]N Lugal-girra[1]DN u[and]CNJ Meslamtaʾea[1]DN ibratu[(outdoor)-cult-niche]N ša[of]DET Ištar[1]DN šarratu[queen]N rabû[great]AJ maškanu[place-of-putting]N tilpānu[bow]N ša[of]DET Dagan[1]DN qurādu[hero]N tarbaṣu[pen]N karāšu[military-camp]N ša[of]DET qarrādu[warlike]N Ninurta[1]DN bītu[house]N kidinnu[protection]N ša[of]DET Anu[1]DN u[and]CNJ Enlil[1]DN ašru[place]N uṣurtu[drawing]N naklu[skilful]AJ ša[of]DET Ea[1]DN bēlu[lord]N Eridu[1]SN qaqqaru[ground]N niṣirtu[treasure]N ša[of]DET ilu[god]N rabû[great]AJ ša[that]REL Igigi[1]DN u[and]CNJ Anunnaku[1]DN ina[in]PRP nūgu[jubliation]N libbu[interior]N kânu[be(come)-permanent]V temmēnu[foundation]N nakliš[artistically]AV ṣubbû[observe]V elû[go-up]V rēšu[head]N ina[in]PRP labāru[be(come)-old]V ūmu[day]N enēšu[be(come)-weak]V qâpu[fall-down]V ina[in]PRP zunnu[rain]N u[and]CNJ rādu[downpour]N rabû[great]AJ nesû[be(come)-distant]V igāru[wall]N temmēnu[foundation]N kamāru[pile-up]V šapāku[heap-up]V tīlāniš[into-tells]AV dekû[raise]V ummānu[military-force]N Enlil[1]DN Šamaš[1]DN u[and]CNJ Marduk[1]DN našû[lift]V allu[hoe]N emēdu[lean-on]V tupšikku[hod-(for-carrying-bricks)]N ištu[from]PRP kišādu[neck]N Arahtu[1]WN šiddu[side]N elû[upper]AJ ša[of]DET abullu[gate]N Ištar[1]DN adi[until]PRP kišādu[neck]N Arahtu[1]WN šiddu[side]N šaplû[lower]AJ ša[of]DET abullu[gate]N Uraš[1]DN eperu[earth]N kamru[piled-up]AJ nasāhu[tear-out]V temmēnu[foundation]N labīru[old]AJ hiāṭu[supervise]V barû[see]V ina[in]PRP ašru[place]N rēštû[first]AJ libittu[mudbrick]N lū[may]MOD nadû[throw-(down)]V ina[in]PRP irtu[breast]N kigallu[socle]N išdu[foundation]N lū[may]MOD rašādu[found]V ebīhu[(a-rope-or-girdle)]N dannu[strong]AJ ebertu[bank]N ṣītu[exit]N šamšu[sun]N lū[may]MOD sahāru[go-around]V Nabu-apla-uṣur[Nabopolassar-king-of-Babylon]RN wašru[submissive-one]N kanšu[submissive-one]N pālihu[one-who-reveres]N Nabu[1]DN u[and]CNJ Marduk[1]DN rēʾû[shepherd]N muṭibbu[one-who-pleases]N libbu[interior]N Papnun-anki[1]DN hāʾiṭu[watcher]N temmēnu[foundation]N labīru[old]AJ ša[of]DET Babili[Babylon]SN muttû[one-who-discovers]N libittu[mudbrick]N ša[of]DET ahrītu[later-time]N mušteṣbû[one-who-carry-out-according-to-plan]N kigallu[socle]N rēštû[first]AJ ša[of]DET dūru[permanence]N ūmu[day]N ṣābitu[recipient]N allu[hoe]N ša[of]DET Igigi[1]DN zabbilu[bearer]N tupšikku[hod-(for-carrying-bricks)]N ša[of]DET Anunnaku[1]DN ēpišu[doer]N Imgur-Enlil[1]ON ana[to]PRP Marduk[1]DN bēlu[lord]N anāku[I]IP manāma[somebody]XP šarru[king]N ahrītu[later-time]N awātu[word]N nasqu[chosen]AJ ana[to]PRP lā[not]MOD nasāku[throw-(down)]V eli[on]PRP qibītu[speech]N awātu[word]N ana[to]PRP lā[not]MOD bašû[be]V nīšu[(oath-on-the)-life]N Marduk[1]DN bēlu[lord]N u[and]CNJ Šamaš[1]DN ilu[god]N zakāru[speak]V šumma[if]CNJ inimmû[word]N surrātu[lies]N lā[not]MOD kayyāntu[reliable-statement]N ina[in]PRP ūmu[day]N ṣalmu[effigy]N šarrūtu[kingship]N āliku[goer]N mahru[front]N ša[that]REL dūru[(city)-wall]N šuāti[him]IP epēšu[do]V amāru[see]V ina[in]PRP ašru[place]N kīnu[permanent]AJ temmēnu[foundation]N rabû[great]AJ itti[with]PRP ṣalmu[effigy]N lū[may]MOD kânu[be(come)-permanent]V ana[to]PRP dūru[permanence]N ūmu[day]N manāma[somebody]XP šarru[king]N matīma[ever]AV lū[either]CNJ māru[son]N lū[either]CNJ māru[son]N āliku[goer]N warki[after]PRP ša[that]REL Marduk[1]DN ana[to]PRP bēlūtu[rule]N mātu[land]N nabû[name]V zikru[utterance]N ša[of]DET emūqu[strength]N u[and]CNJ danānu[power]N ai[not]MOD šadādu[drag]V ana[to]PRP libbu[interior]N ešertu[chapel]N Nabu[1]DN u[and]CNJ Marduk[1]DN šeʾû[seek-(out)]V nêru[strike]V gērû[opponent]N Marduk[1]DN bēlu[lord]N hiāṭu[supervise]V pû[mouth]N barû[see]V libbu[interior]N ša[that]REL itti[with]PRP Bel[1]DN kīnu[permanent]AJ kânu[be(come)-permanent]V išdu[foundation]N ša[that]REL itti[with]PRP māru[son]N Bel[1]DN kīnu[permanent]AJ labāru[be(come)-old]V ana[to]PRP dārītu[perpetuity]N inūma[when]SBJ dūru[(city)-wall]N šuāti[him]IP anāhu[be(come)-tired]V pašāhu[be(come)-at-rest]V anhūtu[tiredness]N kī[like]PRP ša[that]REL mušarû[(royal)-inscription]N šarru[king]N āliku[goer]N mahru[front]N amāru[see]V ašru[place]N lā[not]MOD nakāru[be(come)-different]V šiṭru[(piece-of)-writing]N šumu[name]N amāru[see]V itti[with]PRP mušarû[(royal)-inscription]N šakānu[put]V ina[in]PRP qibītu[speech]N Marduk[1]DN bēlu[lord]N rabû[great]AJ ša[that]REL lā[not]MOD enû[change]V qibītu[speech]N zikru[utterance]N šumu[name]N šakānu[put]V ana[to]PRP ūmu[day]N dārû[lasting]AJ
Q005363,Nabu-apla-uṣur[Nabopolassar-king-of-Babylon]RN šarru[king]N dannu[strong]AJ šarru[king]N Babili[Babylon]SN šarru[king]N mātu[land]N Sumer[1]GN u[and]CNJ Akkad[1]GN iššiakku[city-ruler]N ṣīru[exalted]AJ pālihu[one-who-reveres]N Uraš[1]DN u[and]CNJ Ištar[1]DN rēʾû[shepherd]N kīnu[permanent]AJ terṣu[pointing]N qātu[hand]N Nabu[1]DN u[and]CNJ Marduk[1]DN anāku[I]IP inu[when]SBJ ilu[god]N rabû[great]AJ ana[to]PRP bēlūtu[rule]N mātu[land]N šumu[name]N ṣīru[exalted]AJ nabû[name]V haṭṭu[stick]N šeriktu[present]N ana[to]PRP redû[accompany]V nišu[people]N qiāpu[(en)trust]V ušparu[staff]N ṣīru[exalted]AJ ana[to]PRP kanāšu[bow-down]V lā[not]MOD māgiru[submissive-one]N tamāhu[grasp]V qātu[hand]N ina[in]PRP ūmu[day]N napharu[total]N ummānu[military-force]N tupšikku[hod-(for-carrying-bricks)]N lū[may]MOD emēdu[lean-on]V allu[hoe]N marru[shovel]N lū[may]MOD našû[lift]V nišu[people]N mātu[land]N elû[upper]AJ u[and]CNJ šaplû[lower]AJ ša[that]REL Nabu[1]DN u[and]CNJ Marduk[1]DN ṣerretu[nose-rope]N ana[to]PRP qātu[hand]N malû[be(come)-full]V Erra[1]DN bēlu[lord]N x[NA]NA x[NA]NA x[NA]NA x[NA]NA alāku[go]V imnu[right-(side)]N rābiṣu[(an-official-representative-of-and-commissioned-by-a-higher-authority)]N x[NA]NA x[NA]NA eršu[wise-one]N rabû[great-one]N x[NA]NA x[NA]NA DI[NA]NA x[NA]NA x[NA]NA AN[NA]NA NI[NA]NA RI[NA]NA dekû[raise]V ummānu[military-force]N Enlil[1]DN Šamaš[1]DN u[and]CNJ Marduk[1]DN ra-bi₂-x[NA]NA x[NA]NA x[NA]NA x[NA]NA ana[to]PRP šāru[wind]N erbe[four]NU x[NA]NA inūmīšu[in-those-days]AV Nemed-Enlil[1]ON šalhû[outer-wall]N eššiš[anew]AV lū[may]MOD banû[create]V ana[to]PRP Marduk[1]DN bēlu[lord]N kīma[like]PRP ūmu[day]N lū[may]MOD nawāru[be(come)-bright]V maṣṣartu[observation]N Esagil[1]TN u[and]CNJ Babili[Babylon]SN lū[may]MOD danānu[be(come)-strong]V māru[son]N Babili[Babylon]SN šubtu[seat]N nēhu[calm]AJ lū[may]MOD wašābu[sit-(down)]V Babili[Babylon]SN māhāzu[shrine]N bēlu[lord]N rabû[great]AJ Marduk[1]DN kīma[like]PRP ša[of]DET ūmu[day]N ullû[that]DP ana[to]PRP tanattu[praise]N lū[may]MOD šakānu[put]V Marduk[1]DN Enlil[1]DN ilu[god]N āširu[inspector]N kibru[bank]N epištu[deed]N damqu[good]AJ hadîš[happily]AV palāsu[look-at]V haṭṭu[stick]N išaru[straight]AJ kussû[chair]N šuršudu[firmly-founded]AJ palû[reign-(of-a-king)]N ūmu[day]N rēqu[distant]AJ ina[in]PRP kibru[bank]N arbaʾu[four]NU ina[in]PRP rēšu[head]N elû[high]AJ šadāhu[walk-forward]V ina[in]PRP qibītu[speech]N ṣīru[exalted]AJ ana[to]PRP šeriktu[present]N šarrūtu[kingship]N šarāku[present]V
Q005364,ana[to]PRP Marduk[1]DN bēlu[lord]N rabû[great]AJ Enlil[1]DN ilu[god]N muštarhu[presumptuous]N āširu[inspector]N Igigi[1]DN sāniqu[controller]N Anunnaku[1]DN nūru[light]N ilu[god]N abu[father]N wāšibu[inhabitant]N Esagil[1]TN bēlu[lord]N Babili[Babylon]SN bēlu[lord]N Nabu-apla-uṣur[Nabopolassar-king-of-Babylon]RN šakkanakku[(military)-governor]N Babili[Babylon]SN šarru[king]N mātu[land]N Sumer[1]GN u[and]CNJ Akkad[1]GN rubû[ruler]N naʾdu[attentive]AJ terṣu[pointing]N qātu[hand]N Nabu[1]DN u[and]CNJ Marduk[1]DN wašru[submissive-one]N šahtu[reverent]N ša[that]REL palāhu[be(come)-afraid]V ilu[god]N u[and]CNJ ištaru[goddess]N litmudu[learned]AJ ṣurru[interior]N zāninu[provisioner]N Esagil[1]TN u[and]CNJ Ezida[1]TN mušteʾʾû[repeatedly-searching]N sakkû[(cultic-rites)]N ša[of]DET ilu[god]N rabû[great]AJ anāku[I]IP inūma[when]SBJ ina[in]PRP qibītu[speech]N Nabu[1]DN u[and]CNJ Marduk[1]DN narāmu[loved-one]N šarrūtu[kingship]N u[and]CNJ kakku[stick]N dannu[strong]AJ ša[of]DET Erra[1]DN rašubbu[awesome]AJ muštabriqu[one-who-repeatedly-causes-lightning-to-strike]N zāʾeru[enemy]N Subaru[Subarean]EN nêru[strike]V mātu[land]N târu[turn]V ana[to]PRP tīlu[(ruin)-mound]N u[and]CNJ karmu[heap]N inūmīšu[in-those-days]AV Etemenanki[1]TN ziqqurratu[ziggurrat]N Babili[Babylon]SN ša[that]REL ullânu[there]AV unnušu[weakened]AJ šuquppu[allowed-to-collapse]AJ išdu[foundation]N ina[in]PRP irtu[breast]N kigallu[socle]N ana[to]PRP rašādu[found]V rēšu[head]N šamāmū[heavens]N ana[to]PRP šanānu[equal]V Marduk[1]DN bēlu[lord]N yâši[to-me]IP qabû[say]V allu[hoe]N marru[shovel]N u[and]CNJ nalbanu[brick-mould]N ina[in]PRP šinnu[tooth]N pīru[elephant]N ušû[diorite]N u[and]CNJ musukkannu[Magan-tree]N lū[may]MOD patāqu[make-brick-structures]V ummānu[military-force]N šadlu[broad]AJ dikûtu[levy]N mātu[land]N lū[may]MOD našû[lift]V almīn[without-number]AV lū[may]MOD labānu[spread]V libittu[mudbrick]N patāqu[make-brick-structures]V agurru[baked-brick]N kīma[like]PRP tīku[dripping]N šamû[heaven]N lā[not]MOD manûtu[counting]N kīma[like]PRP mīlu[high-water]N kaššu[massive]AJ kupru[bitumen]N u[and]CNJ iṭṭû[bitumen]N Arahtu[1]WN lū[may]MOD zabālu[carry]V ina[in]PRP mērešu[wisdom]N ša[of]DET Ea[1]DN ina[in]PRP igigallūtu[wisdom]N ša[of]DET Marduk[1]DN ina[in]PRP nēmequ[wisdom]N ša[of]DET Nabu[1]DN u[and]CNJ Nisaba[1]DN ina[in]PRP libbu[interior]N šuddulu[very-wide]AJ ša[of]DET ilu[god]N bānû[creator]N rašû[acquire]V ina[in]PRP pakku[wits]N rabû[great]AJ nadānu[give]V māru[son]N ummiānu[investor]N emqu[wise]AJ wâru[go-(up-to)]V ašlu[rush]N ina[in]PRP ginindanakku[measuring-rod]N madādu[measure-(out)]V middatu[measure]N šitimgallu[master-builder]N šadādu[drag]V eblu[rope]N kânu[be(come)-permanent]V kisurrû[border]N warkatu[rear]N Šamaš[1]DN Adad[1]DN u[and]CNJ Marduk[1]DN parāsu[stop]V ēm[wherever]PRP libbu[interior]N nadānu[give]V kaṣāpu[think]V middatu[measure]N ilu[god]N rabû[great]AJ ina[in]PRP parāsu[stop]V warkatu[rear]N wadû[know]V ina[in]PRP šipru[sending]N kakugallūtu[profession-of-incantation-priest]N nēmequ[wisdom]N Ea[1]DN u[and]CNJ Marduk[1]DN ašru[place]N šâti[him]IP elēlu[be(come)-pure]V ina[in]PRP kigallu[socle]N rēštû[first]AJ kânu[be(come)-permanent]V temmēnu[foundation]N hurāṣu[gold]N kaspu[silver]N abnu[stone]N šadû[mountain]N u[and]CNJ tiāmtu[sea]N ina[in]PRP uššu[foundation]N lū[may]MOD wuṣṣû[spread-out]V ṣapšu[(a-garment)]N nawru[bright]AJ šamnu[oil]N ṭābu[good]AJ rīqu[aromatic-substance]N u[and]CNJ dāmātu[(a-dark-yellow-paste)]N šaplānu[underneath]AV libittu[mudbrick]N lū[may]MOD šapāku[heap-up]V ṣalmu[effigy]N šarrūtu[kingship]N babbilu[bearer]N tupšikku[hod-(for-carrying-bricks)]N lū[may]MOD patāqu[make-brick-structures]V ina[in]PRP temmēnu[foundation]N lū[may]MOD šakānu[put]V ana[to]PRP Marduk[1]DN bēlu[lord]N kišādu[neck]N lū[may]MOD kanāšu[bow-down]V lubāru[garment]N tēdīqu[ceremonial-garment]N šarrūtu[kingship]N lū[may]MOD kanānu[roll-up]V libittu[mudbrick]N u[and]CNJ ṭīdu[mud]N ina[in]PRP qaqqadu[head]N lū[may]MOD zabālu[carry]V tupšikku[hod-(for-carrying-bricks)]N hurāṣu[gold]N u[and]CNJ kaspu[silver]N lū[may]MOD epēšu[do]V Nabu-kudurri-uṣur[Nebuchadnezzar-II-king-of-Babylon]RN bukru[son]N rēštû[first]AJ narāmu[loved-one]N libbu[interior]N ṭīdu[mud]N billatu[mixture]N karānu[vine]N šamnu[oil]N u[and]CNJ hibištu[crushed-pieces-(of-aromatic-wood)]N itti[with]PRP ummānu[military-force]N lū[may]MOD zabālu[carry]V Nabu-šuma-lišir[son-of-Nabopolassar]PN talīmu[(close-or-beloved)-brother]N šerru[(young)-child]N ṣītu[exit]N libbu[interior]N duppussû[younger-brother]N dādu[darling]N allu[hoe]N marru[shovel]N lū[may]MOD ṣabātu[seize]V tupšikku[hod-(for-carrying-bricks)]N hurāṣu[gold]N u[and]CNJ kaspu[silver]N lū[may]MOD emēdu[lean-on]V ana[to]PRP Marduk[1]DN bēlu[lord]N ana[to]PRP šeriktu[present]N lū[may]MOD šarāku[present]V bītu[house]N gabarû[copy]N Ešarra[1]TN ina[in]PRP ulṣu[pleasure]N u[and]CNJ rīštu[exultation]N lū[may]MOD epēšu[do]V kīma[like]PRP šadû[mountain]N rēšu[head]N lū[may]MOD elû[go-up]V ana[to]PRP Marduk[1]DN bēlu[lord]N kī[like]PRP ša[of]DET ūmu[day]N ullû[that]DP ana[to]PRP tabrītu[(nocturnal)-vision]N lū[may]MOD wasāmu[be(come)-fitting]V Marduk[1]DN bēlu[lord]N epištu[deed]N damqu[good]AJ hadîš[happily]AV palāsu[look-at]V ina[in]PRP qibītu[speech]N ṣīru[exalted]AJ ša[that]REL lā[not]MOD nakāru[be(come)-different]V epištu[deed]N liptu[undertaking]N qātu[hand]N bâru[appear]V ana[to]PRP dārītu[perpetuity]N kīma[like]PRP libittu[mudbrick]N Etemenanki[1]TN kunnu[firmly-established]AJ ṣiātu[distant-time]N išdu[foundation]N kussû[chair]N rašādu[found]V ana[to]PRP ūmu[day]N rēqu[distant]AJ Etemenanki[1]TN ana[to]PRP šarru[king]N muddišu[restorer]N karābu[pray]V inūma[when]SBJ Marduk[1]DN ina[in]PRP rīštu[exultation]N ramû[set-in-place]V qerbu[centre]N bītu[house]N ana[to]PRP Marduk[1]DN bēlu[lord]N damqu[good-one]N zakāru[speak]V
Q005365,Nabu-apla-uṣur[Nabopolassar-king-of-Babylon]RN šarru[king]N mīšaru[justice]N rēʾû[shepherd]N nibītu[naming]N Marduk[1]DN binûtu[creation]N Ninmena[1]DN rubātu[queen]N ṣīru[exalted]AJ šarratu[queen]N šarratu[queen]N terṣu[pointing]N qātu[hand]N Nabu[1]DN u[and]CNJ Tašmetu[1]DN rubû[ruler]N narāmu[loved-one]N Ninšiku[1]DN inu[when]SBJ ina[in]PRP meṣherūtu[childhood]N māru[son]N lā[not]MOD mamman[somebody]XP anāku[I]IP ina[in]PRP ešertu[chapel]N Nabu[1]DN u[and]CNJ Marduk[1]DN bēlu[lord]N šeʾû[seek-(out)]V kayyānu[constant]AJ šūt[who(m)]DET kânu[be(come)-permanent]V parṣu[rite]N u[and]CNJ šalāmu[be(come)-healthy]V kidudû[rites]N awû[speak]V kabattu[liver]N ana[to]PRP kittu[steadiness]N u[and]CNJ mīšaru[justice]N bašû[existing]AJ uznu[ear]N Šazu[1]DN bēlu[lord]N mūdû[knower]N libbu[interior]N ilu[god]N ša[of]DET šamû[heaven]N u[and]CNJ erṣetu[earth]N ša[that]REL takkalātu[clever-behaviour]N nišu[people]N barû[see]V kayyānu[constant]AJ yâši[to-me]IP ṣehru[child]N ša[that]REL ina[in]PRP nišu[people]N lā[not]MOD watû[find]V ša[of]DET libbu[interior]N barû[see]V ina[in]PRP mātu[land]N banû[create]V šakānu[put]V ana[to]PRP rēštu[beginning]N ana[to]PRP bēlūtu[rule]N mātu[land]N u[and]CNJ nišu[people]N nabû[name]V nibītu[naming]N alāku[go]V lamassu[(a-type-of-sphinx)]N dumqu[goodness]N ina[in]PRP idu[arm]N ina[in]PRP mimma[anything]XP epēšu[do]V šalāmu[be(come)-healthy]V šipru[sending]N Nergal[1]DN dandannu[all-powerful]AJ ilu[god]N alāku[go]V idu[arm]N nêru[strike]V ayyābu[enemy]N maqātu[fall]V gērû[opponent]N Aššuru[Assyrian]EN ša[that]REL ištu[from]PRP ūmu[day]N rūqu[distant]AJ kullatu[totality]N nišu[people]N bêlu[rule-(over)]V ina[in]PRP nīru[yoke]N kabtu[heavy]AJ nazāqu[creak]V nišu[people]N mātu[land]N anāku[I]IP enšu[weak-one]N pisnuqu[powerless-one]N mušteʾʾû[repeatedly-searching]N bēlu[lord]N bēlu[lord]N ina[in]PRP emūqu[strength]N gašru[very-strong]AJ ša[of]DET Nabu[1]DN u[and]CNJ Marduk[1]DN bēlu[lord]N ištu[from]PRP mātu[land]N Akkad[1]GN šēpu[foot]N parāsu[stop]V nīru[yoke]N nadû[throw-(down)]V inūšu[at-that-time]AV E-PA-GIN-tila[1]TN bītu[house]N Ninurta[1]DN ša[that]REL qerbu[centre]N Šuanna[Babylon]QN ša[that]REL ullânu[there]AV šarru[king]N mahru[front]N epēšu[do]V lā[not]MOD gamāru[bring-to-conclusion]V šipru[sending]N ana[to]PRP tēdištu[renovation]N bītu[house]N šuāti[him]IP uznu[ear]N bašû[be]V dekû[raise]V ummānu[military-force]N Enlil[1]DN Šamaš[1]DN u[and]CNJ Marduk[1]DN našû[lift]V allu[hoe]N emēdu[lean-on]V tupšikku[hod-(for-carrying-bricks)]N bītu[house]N lā[not]MOD qatû[ended]AJ gamāru[bring-to-conclusion]V šipru[sending]N gušūru[tree-trunk]N šadlu[broad]AJ tarāṣu[stretch-a-(measuring)-cord]V ṣulūlu[roof]N daltu[door]N ṣīru[exalted]AJ retû[drive-in]V ina[in]PRP bābu[gate]N bītu[house]N šuāti[him]IP šamšiš[like-the-sun]AV nabāṭu[be(come)-bright]V ana[to]PRP Ninurta[1]DN bēlu[lord]N kīma[like]PRP ūmu[day]N nawāru[be(come)-bright]V manāma[somebody]XP šarru[king]N ina[in]PRP matīma[ever]AV lū[either]CNJ māru[son]N lū[either]CNJ māru[son]N āliku[goer]N warki[after]PRP ša[that]REL Marduk[1]DN ana[to]PRP bēlūtu[rule]N mātu[land]N nabû[name]V zikru[utterance]N ša[of]DET emūqu[strength]N u[and]CNJ danānu[power]N ai[not]MOD šadādu[drag]V ana[to]PRP libbu[interior]N ešertu[chapel]N Nabu[1]DN u[and]CNJ Marduk[1]DN šeʾû[seek-(out)]V nêru[strike]V gērû[opponent]N Marduk[1]DN bēlu[lord]N hiāṭu[supervise]V pû[mouth]N barû[see]V libbu[interior]N ša[that]REL itti[with]PRP Bel[1]DN kīnu[permanent]AJ kânu[be(come)-permanent]V išdu[foundation]N ša[that]REL itti[with]PRP māru[son]N Bel[1]DN kīnu[permanent]AJ labāru[be(come)-old]V ana[to]PRP dārītu[perpetuity]N inūma[when]SBJ bītu[house]N šuāti[him]IP anāhu[be(come)-tired]V pašāhu[be(come)-at-rest]V anhūtu[tiredness]N šiṭru[(piece-of)-writing]N šumu[name]N amāru[see]V itti[with]PRP mušarû[(royal)-inscription]N šakānu[put]V ina[in]PRP qibītu[speech]N Marduk[1]DN bēlu[lord]N rabû[great]AJ ša[that]REL lā[not]MOD enû[change]V qibītu[speech]N zikru[utterance]N šumu[name]N šakānu[put]V ana[to]PRP ūmu[day]N dārû[lasting]AJ
Q005366,ana[to]PRP Marduk[1]DN bēlu[lord]N Nabu-apla-uṣur[Nabopolassar-king-of-Babylon]RN šarru[king]N Babili[Babylon]SN kāru[quay]N agurru[baked-brick]N ana[to]PRP kīdānu[outside]AV dūru[(city)-wall]N Babili[Babylon]SN sahāru[go-around]V kāru[quay]N ana[to]PRP Marduk[1]DN damqu[good-one]N qabû[say]V
Q005368,ana[to]PRP Marduk[1]DN bēlu[lord]N Nabu-apla-uṣur[Nabopolassar-king-of-Babylon]RN šarru[king]N Babili[Babylon]SN terṣu[pointing]N qātu[hand]N Nabu[1]DN u[and]CNJ Marduk[1]DN kāru[quay]N agurru[baked-brick]N ana[to]PRP kīdānu[outside]AV dūru[(city)-wall]N Babili[Babylon]SN sahāru[go-around]V kāru[quay]N ana[to]PRP Marduk[1]DN damqu[good-one]N qabû[say]V
Q005370,Nabu-apla-uṣur[Nabopolassar-king-of-Babylon]RN šarru[king]N Babili[Babylon]SN terṣu[pointing]N qātu[hand]N Nabu[1]DN u[and]CNJ Marduk[1]DN zāninu[provisioner]N Esagil[1]TN u[and]CNJ Babili[Babylon]SN ēpišu[doer]N kāru[quay]N Arahtu[1]WN ana[to]PRP Marduk[1]DN bēlu[lord]N kāru[quay]N ana[to]PRP Marduk[1]DN damqu[good-one]N qabû[say]V
Q005371,Nabu-apla-uṣur[Nabopolassar-king-of-Babylon]RN šarru[king]N Babili[Babylon]SN šakkanakku[(military)-governor]N mātu[land]N Sumer[1]GN u[and]CNJ Akkad[1]GN mukinnu[witness]N išdu[foundation]N mātu[land]N anāku[I]IP inu[when]SBJ Marduk[1]DN bēlu[lord]N rabû[great]AJ mātu[land]N u[and]CNJ nišu[people]N ana[to]PRP bêlu[rule-(over)]V nadānu[give]V mātu[land]N ayyābu[enemy]N šalālu[carry-off]V qabû[say]V inūmīšu[in-those-days]AV Etemenanki[1]TN eššiš[anew]AV epēšu[do]V ana[to]PRP ašru[place]N târu[turn]V
Q005372,Nabu-apla-uṣur[Nabopolassar-king-of-Babylon]RN šarru[king]N Babili[Babylon]SN terṣu[pointing]N qātu[hand]N Nabu[1]DN u[and]CNJ Marduk[1]DN anāku[I]IP inu[when]SBJ Marduk[1]DN bēlu[lord]N rabû[great]AJ ana[to]PRP zanānu[provision]V māhāzu[shrine]N edēšu[be(come)-new]V ešertu[chapel]N wuʾʾurtu[commission]N kabtu[heavy]AJ wâru[go-(up-to)]V inūmīšu[in-those-days]AV Sippar[1]SN māhāzu[shrine]N ṣīru[exalted]AJ narāmu[loved-one]N Šamaš[1]DN u[and]CNJ Aya[1]DN Purattu[Euphrates]WN nesû[be(come)-distant]V ana[to]PRP qadāšu[be(come)-pure]V bēlūtu[rule]N mû[water]N rêqu[withdraw]V ana[to]PRP sâbu[draw]V Nabu-apla-uṣur[Nabopolassar-king-of-Babylon]RN wašru[submissive-one]N šahtu[reverent]N pālihu[one-who-reveres]N ilu[god]N yâti[me]IP Purattu[Euphrates]WN ana[to]PRP Sippar[1]SN lū[may]MOD herû[dig]V mû[water]N nuhšu[abundance]N ellu[pure]AJ ana[to]PRP Šamaš[1]DN bēlu[lord]N lū[may]MOD kânu[be(come)-permanent]V kibru[bank]N nāru[river]N šuāti[him]IP ina[in]PRP kupru[bitumen]N u[and]CNJ agurru[baked-brick]N lū[may]MOD rašādu[found]V ana[to]PRP Šamaš[1]DN bēlu[lord]N kāru[quay]N šulmu[completeness]N lū[may]MOD emēdu[lean-on]V
Q005373,Nabu-apla-uṣur[Nabopolassar-king-of-Babylon]RN šarru[king]N dannu[strong]AJ šarru[king]N Babili[Babylon]SN šarru[king]N mātu[land]N Sumer[1]GN u[and]CNJ Akkad[1]GN mukinnu[witness]N išdu[foundation]N mātu[land]N rubû[ruler]N naʾdu[attentive]AJ terṣu[pointing]N qātu[hand]N Nabu[1]DN u[and]CNJ Marduk[1]DN migru[consent]N Šamaš[1]DN narāmu[loved-one]N Aya[1]DN qarrādu[warlike]N qarrādu[warlike]N ša[that]REL Erra[1]DN rašubbu[awesome]AJ kašādu[reach]V nizmatu[desire]N wašru[submissive-one]N šahtu[reverent]N mušteʾʾû[repeatedly-searching]N sakkû[(cultic-rites)]N ša[of]DET ilu[god]N rabû[great]AJ šarru[king]N ša[that]REL epištu[deed]N eli[on]PRP šarru[king]N abu[father]N šūtuqu[surpassing]AJ anāku[I]IP inūma[when]SBJ Šamaš[1]DN bēlu[lord]N rabû[great]AJ idu[arm]N alāku[go]V Subaru[Subarean]EN nêru[strike]V u[and]CNJ mātu[land]N zāʾeru[enemy]N târu[turn]V ana[to]PRP tīlu[(ruin)-mound]N u[and]CNJ karmu[heap]N inūmīšu[in-those-days]AV ana[to]PRP bēltu[lady]N Sippar[1]SN rubātu[queen]N ṣīru[exalted]AJ bēltu[lady]N Eʾedinna[1]TN bītu[house]N tapšuhtu[rest]N eššiš[anew]AV epēšu[do]V kīma[like]PRP ūmu[day]N nawāru[be(come)-bright]V ana[to]PRP šâti[him]IP bēltu[lady]N Sippar[1]SN bēltu[lady]N šurbûtu[greatness]N ēm[wherever]PRP bītu[house]N šuāti[him]IP šuklulu[complete]V ramû[set-in-place]V qerbu[centre]N yâši[to-me]IP Nabu-apla-uṣur[Nabopolassar-king-of-Babylon]RN šarru[king]N zāninu[provisioner]N kīma[like]PRP libittu[mudbrick]N Sippar[1]SN u[and]CNJ Babili[Babylon]SN kunnu[firmly-established]AJ ana[to]PRP ṣiātu[distant-time]N šarrūtu[kingship]N labāru[be(come)-old]V ana[to]PRP ūmu[day]N rēqu[distant]AJ
Q005374,Nabu-apla-uṣur[Nabopolassar-king-of-Babylon]RN šarru[king]N Babili[Babylon]SN terṣu[pointing]N qātu[hand]N x[NA]NA šāru[wind]N erbe[four]NU x[NA]NA x[NA]NA x[NA]NA x[NA]NA x[NA]NA x[NA]NA x[NA]NA x[NA]NA x[NA]NA x[NA]NA x[NA]NA x[NA]NA x[NA]NA x[NA]NA x[NA]NA x[NA]NA x[NA]NA x[NA]NA x[NA]NA x[NA]NA x[NA]NA x[NA]NA x[NA]NA x[NA]NA x[NA]NA ma[NA]NA x[NA]NA x[NA]NA x[NA]NA x[NA]NA U₂[NA]NA x[NA]NA TI[NA]NA LA[NA]NA x[NA]NA x[NA]NA x[NA]NA UD[NA]NA x[NA]NA x[NA]NA x[NA]NA HUR[NA]NA A[NA]NA IŠ[NA]NA ŠA[NA]NA AT[NA]NA x[NA]NA x[NA]NA x[NA]NA
Q005380,Amel-Marduk[king-of-Babylon]RN šarru[king]N Babili[Babylon]SN ēdišu[one-who-renovates]N Esagil[1]TN u[and]CNJ Ezida[1]TN māru[son]N Nabu-kudurri-uṣur[Nebuchadnezzar-II-king-of-Babylon]RN šarru[king]N Babili[Babylon]SN
Q005381,ēkallu[palace]N Amel-Marduk[king-of-Babylon]RN šarru[king]N Babili[Babylon]SN aplu[heir]N Nabu-kudurri-uṣur[Nebuchadnezzar-II-king-of-Babylon]RN šarru[king]N Babili[Babylon]SN
Q005382,1[NA]NA qû[(a-capacity-measure)]N ēkallu[palace]N Amel-Marduk[king-of-Babylon]RN
Q005383,1[NA]NA sūtu[(a-capacity-measure)]N 6[NA]NA 1/2[NA]NA akalu[bread]N ša[of]DET ēkallu[palace]N Amel-Marduk[king-of-Babylon]RN šarru[king]N
Q005384,2[NA]NA qû[(a-capacity-measure)]N x[NA]NA ēkallu[palace]N Amel-Marduk[king-of-Babylon]RN šarru[king]N Babili[Babylon]SN māru[son]N Nabu-kudurri-uṣur[Nebuchadnezzar-II-king-of-Babylon]RN šarru[king]N Babili[Babylon]SN
Q005385,3[NA]NA 1/3[NA]NA akalu[bread]N ēkallu[palace]N Amel-Marduk[king-of-Babylon]RN šarru[king]N Babili[Babylon]SN māru[son]N Nabu-kudurri-uṣur[Nebuchadnezzar-II-king-of-Babylon]RN šarru[king]N Babili[Babylon]SN
Q005386,Nergal-šarra-uṣur[Neriglissar-king-of-Babylon]RN šarru[king]N Babili[Babylon]SN rubû[ruler]N naʾdu[attentive]AJ migru[consent]N Marduk[1]DN wašru[submissive-one]N kanšu[submissive-one]N pālihu[one-who-reveres]N bēlu[lord]N bēlu[lord]N emqu[wise-one]N mutnennû[who-prays-much]N mušteʾʾû[repeatedly-searching]N ešertu[chapel]N Nabu[1]DN bēlu[lord]N iššiakku[city-ruler]N zāninu[provisioner]N babbilu[bearer]N igisû[contribution]N rabû[great]AJ ana[to]PRP Esagil[1]TN u[and]CNJ Ezida[1]TN muṭahhidu[one-who-brings-abundance]N sattukku[regular-delivery]N muštēširu[one-who-sets-straight]N šuluhhu[purification-rite]N māru[son]N Bel-šum-iškun[father-of-Neriglissar]PN rubû[ruler]N emqu[wise]AJ eṭlu[young-man]N gitmālu[perfect]AJ nāṣiru[gaurd]N maṣṣartu[observation]N Esagil[1]TN u[and]CNJ Babili[Babylon]SN ša[that]REL kīma[like]PRP dūru[(city)-wall]N dannu[strong]AJ pānu[front]N mātu[land]N edēlu[shut]V anāku[I]IP inu[when]SBJ Marduk[1]DN Enlil[1]DN ilu[god]N rubû[ruler]N muštālu[who-considers]N apkallu[sage]N ša[that]REL libbu[interior]N Igigi[1]DN kalāma[all-(of-it)]N mūdû[knowing]AJ ina[in]PRP nišu[people]N rapšu[wide]AJ šeʾû[seek-(out)]V ištu[from]PRP meṣherūtu[childhood]N išariš[correctly]AV ṣabtu[captured]AJ šumu[name]N ṭābu[good]AJ lū[may]MOD nabû[name]V ašru[place]N šulmu[completeness]N u[and]CNJ balāṭu[life]N lū[may]MOD redû[accompany]V ana[to]PRP išarūtu[correct-state]N ša[that]REL kaqdâ[constantly]AV apālu[pay]V ana[to]PRP kanšūtu[submissiveness]N ša[that]REL kayyānu[constant]AJ puluhtu[awesomeness]N ilūtu[godhead]N šeʾû[seek-(out)]V ša[that]REL eli[on]PRP ṭābu[good]AJ epēšu[do]V ūmišam[daily]AV awû[speak]V palāsu[look-at]V ina[in]PRP mātu[land]N šumu[name]N damqu[good]AJ ana[to]PRP šarrūtu[kingship]N zakāru[speak]V ana[to]PRP rēʾûtu[shepherdship]N nišu[people]N ša[that]REL ana[to]PRP dāru[era]N epēšu[do]V haṭṭu[stick]N išaru[straight]AJ murappišu[one-who-makes-wide]N mātu[land]N ana[to]PRP šarrūtu[kingship]N lū[may]MOD šarāku[present]V šibirru[shepherd's-staff]N kīnu[permanent]AJ mušallimu[that-delivers-safely]N nišu[people]N ana[to]PRP bēlūtu[rule]N lū[may]MOD qiāpu[(en)trust]V ušparu[staff]N mukannišu[subjugator]N zāʾeru[enemy]N lū[may]MOD tamāhu[grasp]V qātu[hand]N agû[tiara]N kīnu[permanent]AJ našû[lift]V ana[to]PRP šarrūtu[kingship]N šāninu[rival]N u[and]CNJ mugallitu[troublemaker]N ul[not]MOD bašû[be]V nêru[strike]V ayyābu[enemy]N šagāšu[kill]V zāwiānu[enemy]N lā[not]MOD māgiru[submissive-one]N kalû[totality]N alātu[swallow-(up)]V mīšaru[justice]N ina[in]PRP mātu[land]N šakānu[put]V nišu[people]N rapšu[wide]AJ ina[in]PRP šulmu[completeness]N reʾû[pasture]V ina[in]PRP ūmu[day]N ana[to]PRP Marduk[1]DN ilu[god]N bānû[creator]N nēmequ[wisdom]N ša[that]REL ina[in]PRP Igigi[1]DN šurbû[very-great]AJ awātu[word]N ina[in]PRP Anunnaku[1]DN šūtuqu[surpassing]AJ bēlūtu[rule]N palhiš[reverently]AV naʾādu[be(com)e-attentive]V igāru[wall]N sihirtu[circumference]N Esagil[1]TN mehretu[opposite-side]N ištānu[north]N ša[that]REL ramku[(a-cultic-functionary)]N kiništu[priesthood]N Esagil[1]TN ramû[endowed]AJ qerbu[centre]N ša[that]REL šarru[king]N mahru[front]N uššu[foundation]N nadû[throw-(down)]V lā[not]MOD elû[go-up]V rēšu[head]N ina[in]PRP tamlīu[fill]N šapālu[be(come)-deep]V enēšu[be(come)-weak]V igāru[wall]N riksu[band]N lā[not]MOD dunnunu[very-strong]AJ sippu[(door)-jamb]N lā[not]MOD kunnu[firmly-established]AJ bursaggu[(a-kind-of-offering)]N ana[to]PRP elēlu[be(come)-pure]V šuluhhu[purification-rite]N ana[to]PRP nadû[throw-(down)]V taklīmu[(a-food-offering)]N bēlu[lord]N rabû[great]AJ Marduk[1]DN ana[to]PRP ebēbu[be(come)-bright]V šalāmu[be(come)-healthy]V sattukku[regular-delivery]N šeṭṭu[crime]N u[and]CNJ hiṭītu[shortfall]N ana[to]PRP lā[not]MOD bašû[be]V temmēnu[foundation]N labīru[old]AJ hiāṭu[supervise]V barû[see]V eli[on]PRP temmēnu[foundation]N labīru[old]AJ kânu[be(come)-permanent]V uššu[foundation]N zaqāru[project]V mēlû[height]N elû[go-up]V huršāniš[like-a-mountain]AV sippu[(door)-jamb]N kânu[be(come)-permanent]V ina[in]PRP bābu[gate]N retû[drive-in]V daltu[door]N kisû[footing]N dannu[strong]AJ ina[in]PRP kupru[bitumen]N u[and]CNJ agurru[baked-brick]N sahāru[go-around]V Marduk[1]DN bēlu[lord]N šurbû[very-great]AJ etellu[pre-eminent]N ṣīru[exalted-one]N kabtu[important-one]N šitrāhu[very-proud-one]N nūru[light]N ilu[god]N abu[father]N liptu[undertaking]N qātu[hand]N šūquru[very-valuable]AJ hadîš[happily]AV palāsu[look-at]V balāṭu[life]N ūmu[day]N arku[long]AJ šebû[be(come)-full]V littūtu[(extreme)-old-age]N kânu[be(come)-permanent]V kussû[chair]N u[and]CNJ labāru[be(come)-old]V palû[reign-(of-a-king)]N ana[to]PRP šeriktu[present]N šarāku[present]V ina[in]PRP qibītu[speech]N kīnu[permanent]AJ ša[that]REL lā[not]MOD nakāru[be(come)-different]V Nergal-šarra-uṣur[Neriglissar-king-of-Babylon]RN lū[may]MOD šarru[king]N zāninu[provisioner]N mušteʾʾû[repeatedly-searching]N ešertu[chapel]N ana[to]PRP dūru[permanence]N dāru[era]N anāku[I]IP
Q005387,Nergal-šarra-uṣur[Neriglissar-king-of-Babylon]RN šarru[king]N Babili[Babylon]SN ša[that]REL Marduk[1]DN bēlu[lord]N rabû[great]AJ ilu[god]N x[NA]NA bānû[creator]N ina[in]PRP kūnu[firmness]N libbu[interior]N watû[find]V nišu[people]N rapšu[wide]AJ šarāku[present]V ṣalmu[black-one]N qaqqadu[head]N ana[to]PRP reʾû[pasture]V malû[be(come)-full]V qātu[hand]N ša[that]REL haṭṭu[stick]N išaru[straight]AJ ušparu[staff]N kīnu[permanent]AJ ša[that]REL Nabu[1]DN pāqidu[carer]N kiššatu[totality]N šamû[heaven]N u[and]CNJ erṣetu[earth]N ana[to]PRP šamāhu[grow]V baʾūlātu[people]N tamāhu[grasp]V qātu[hand]N ša[that]REL zāʾeru[enemy]N nêru[strike]V ayyābu[enemy]N kašādu[reach]V Erra[1]DN šagapūru[mighty-one]N ilu[god]N nadānu[give]V kakku[stick]N ša[that]REL ilu[god]N rabû[great]AJ ina[in]PRP puhru[assembly]N zāninūtu[rôle-of-provisioner]N epēšu[do]V qabû[say]V ana[to]PRP zanānu[provision]V Esagil[1]TN Ezida[1]TN u[and]CNJ Emeslam[1]TN māhāzu[shrine]N ṣīru[exalted]AJ x[NA]NA x[NA]NA x[NA]NA x[NA]NA ša[of]DET ilu[god]N Babili[Babylon]SN Nergal-šarra-uṣur[Neriglissar-king-of-Babylon]RN šarru[king]N Babili[Babylon]SN anāku[I]IP inūma[when]SBJ Marduk[1]DN bēlu[lord]N rabû[great]AJ KI[NA]NA A[NA]NA x[NA]NA x[NA]NA x[NA]NA x[NA]NA x[NA]NA x[NA]NA mû[water]N nuhšu[abundance]N gapšu[arisen]AJ ina[in]PRP ṭēmu[report]N Ninšiqa[1]DN u[and]CNJ ina[in]PRP nēmequ[wisdom]N ša[that]REL Ea[1]DN šarāku[present]V ina[in]PRP lēʾûtu[competence]N ša[that]REL Marduk[1]DN qiāšu[give]V ina[in]PRP dīnu[legal-decision]N nasqu[chosen]AJ ša[that]REL Šamaš[1]DN šalāmu[be(come)-healthy]V x[NA]NA KI[NA]NA mahru[front]N ana[to]PRP Barsipa[Borsippa]SN Ezida[1]TN bītu[house]N guršu[chapel]N x[NA]NA x[NA]NA x[NA]NA x[NA]NA x[NA]NA HU[NA]NA x[NA]NA x[NA]NA igisû[contribution]N šummuhu[very-luxuriant]AJ nīqu[offering]N qiāpu[(en)trust]V E[NA]NA x[NA]NA x[NA]NA NI[NA]NA x[NA]NA E[NA]NA Esagil[1]TN u[and]CNJ Ezida[1]TN zanānu[provision]V ešertu[chapel]N ilu[god]N ešēru[go-well]V šiṭru[(piece-of)-writing]N šumu[name]N banû[create]V qerbu[centre]N šakānu[put]V inūmīšu[in-those-days]AV Libil-hegalla[1]WN palgu[canal]N ṣītu[exit]N šamšu[sun]N Babili[Babylon]SN ša[that]REL šarru[king]N mahru[front]N herû[dig]V ina[in]PRP kupru[bitumen]N u[and]CNJ agurru[baked-brick]N lā[not]MOD kasāru[tie]V usukku[upper-cheek]N palgu[canal]N herû[dig]V usukku[upper-cheek]N kasāru[tie]V nuhšu[abundance]N mû[water]N ina[in]PRP lā[not]MOD naparkû[ceasing]AJ nakāmu[heap-(up)]V ina[in]PRP mātu[land]N yâti[me]IP emqu[wise-one]N mutnennû[who-prays-much]N šarru[king]N pālihu[one-who-reveres]N ilu[god]N mūdû[knowing]AJ Libil-hegalla[1]WN herû[dig]V mû[water]N hengallu[plenty]N ina[in]PRP mātu[land]N erēbu[enter]V banû[create]V usukku[upper-cheek]N mû[water]N nuhšu[abundance]N ša[that]REL lā[not]MOD naparkû[ceasing]AJ kânu[be(come)-permanent]V ina[in]PRP qerbu[centre]N I[NA]NA x[NA]NA x[NA]NA x[NA]NA x[NA]NA wāšibu[inhabitant]N Babili[Babylon]SN ša[that]REL qerbu[centre]N naqû[pour-(a-libation)]V mû[water]N nuhšu[abundance]N ina[in]PRP libbu[interior]N damqu[good-one]N x[NA]NA x[NA]NA x[NA]NA IG[NA]NA TA[NA]NA NA[NA]NA x[NA]NA x[NA]NA A[NA]NA IG[NA]NA TA[NA]NA NA[NA]NA RA[NA]NA AB[NA]NA BI[NA]NA IS[NA]NA SI[NA]NA MA[NA]NA E[NA]NA x[NA]NA Nergal-šarra-uṣur[Neriglissar-king-of-Babylon]RN šarru[king]N Agade[1]SN Mar-biti[1]DN da-x-a-šal[NA]NA x[NA]NA x[NA]NA x[NA]NA kīnu[permanent]AJ ūmu[day]N ullû[that]DP libbu[interior]N x[NA]NA x[NA]NA U₂[NA]NA MI[NA]NA IS[NA]NA DU[NA]NA x[NA]NA KA[NA]NA AP[NA]NA x[NA]NA x[NA]NA x[NA]NA x[NA]NA mû[water]N nuhšu[abundance]N dārû[lasting]AJ ina[in]PRP KI[NA]NA IN[NA]NA NA[NA]NA AN[NA]NA NA[NA]NA A[NA]NA TI[NA]NA ina[in]PRP qibītu[speech]N Marduk[1]DN šarru[king]N ilu[god]N ilu[god]N bānû[creator]N u[and]CNJ Erra[1]DN qarrādu[warlike]N qarrādu[warlike]N x[NA]NA x[NA]NA x[NA]NA NA[NA]NA x[NA]NA x[NA]NA NA[NA]NA BI[NA]NA E₂[NA]NA x[NA]NA x[NA]NA x[NA]NA šēru[morning]N ūmu[day]N x[NA]NA LI[NA]NA NA[NA]NA DU[NA]NA an-dul-la[NA]NA BI[NA]NA NA[NA]NA A[NA]NA x[NA]NA x[NA]NA x[NA]NA kânu[be(come)-permanent]V damqu[good-one]N mahru[front]N IGI[NA]NA x[NA]NA x[NA]NA x[NA]NA x[NA]NA x[NA]NA x[NA]NA RA[NA]NA TA[NA]NA PA[NA]NA x[NA]NA x[NA]NA x[NA]NA LI[NA]NA x[NA]NA x[NA]NA x[NA]NA x[NA]NA x[NA]NA LI[NA]NA ʾ[NA]NA x[NA]NA rēʾûtu[shepherdship]N nêru[strike]V ayyābu[enemy]N nawāru[be(come)-bright]V tāmartu[spectacle]N kīma[like]PRP Sin[1]DN ana[to]PRP niphu[(act-of)-lighting]N kīma[like]PRP Šamaš[1]DN ana[to]PRP nawāru[be(come)-bright]V ṣalmu[black-one]N qaqqadu[head]N hadû[be-joyful]V SAG[NA]NA KI[NA]NA Nabu[1]DN x[NA]NA x[NA]NA x[NA]NA E[NA]NA x[NA]NA AN[NA]NA x[NA]NA x[NA]NA A[NA]NA NA[NA]NA x[NA]NA x[NA]NA x[NA]NA x[NA]NA x[NA]NA ŠA₂[NA]NA A[NA]NA NI[NA]NA ŠI[NA]NA NA[NA]NA šarru[king]N kibru[bank]N ša[of]DET kalû[totality]N tenēštu[people]N wāšibu[inhabitant]N KAR[NA]NA RI[NA]NA x[NA]NA x[NA]NA x[NA]NA TI[NA]NA x[NA]NA dannu[strong]AJ ana[to]PRP x[NA]NA x[NA]NA x[NA]NA MI[NA]NA x[NA]NA x[NA]NA x[NA]NA x[NA]NA šakānu[put]V ina[in]PRP pû[mouth]N ana[to]PRP ūmu[day]N dārītu[perpetuity]N KI[NA]NA x[NA]NA x[NA]NA x[NA]NA ŠA[NA]NA IB[NA]NA NU[NA]NA LI[NA]NA IZ[NA]NA MA[NA]NA RU[NA]NA barû[seen]AJ
Q005388,Nergal-šarra-uṣur[Neriglissar-king-of-Babylon]RN šarru[king]N Babili[Babylon]SN muddišu[restorer]N Esagil[1]TN u[and]CNJ Ezida[1]TN ēpišu[doer]N damqu[good-one]N ša[that]REL ana[to]PRP epēšu[do]V šarrūtu[kingship]N dārû[lasting]AJ ilu[god]N rabû[great]AJ šakānu[put]V mitluktu[advice]N Marduk[1]DN ašarēdu[first-and-foremost]N ilu[god]N mušimmu[one-who-determines]N šīmtu[what-is-fixed]N ana[to]PRP kiššūtu[exercise-of-power]N mātu[land]N epēšu[do]V šiāmu[fix]V šīmtu[what-is-fixed]N ana[to]PRP rēʾûtu[shepherdship]N ṣalmu[black-one]N qaqqadu[head]N epēšu[do]V Nabu[1]DN aplu[heir]N kīnu[permanent]AJ haṭṭu[stick]N išaru[straight]AJ tamāhu[grasp]V qātu[hand]N ana[to]PRP eṭēru[take-away]V nišu[people]N gamālu[do-a-favour]V mātu[land]N Erra[1]DN šagapūru[mighty-one]N ilu[god]N nadānu[give]V kakku[stick]N māru[son]N Bel-šum-iškun[father-of-Neriglissar]PN šarru[king]N Babili[Babylon]SN anāku[I]IP inu[when]SBJ Marduk[1]DN bēlu[lord]N rabû[great]AJ rēšu[head]N elû[go-up]V mātu[land]N u[and]CNJ nišu[people]N ana[to]PRP bêlu[rule-(over)]V nadānu[give]V anāku[I]IP ana[to]PRP Marduk[1]DN bēlu[lord]N kayyānu[constant]AJ lā[not]MOD baṭlu[ceased]AJ Esagil[1]TN u[and]CNJ Ezida[1]TN zanānu[provision]V ešēru[go-well]V ešertu[chapel]N parṣu[rite]N rēštû[first]AJ šeʾû[seek-(out)]V kayyānu[constant]AJ mušhuššu[serpent-dragon]N werû[copper]N ša[that]REL ina[in]PRP kisû[footing]N bābu[gate]N Esagil[1]TN itti[with]PRP rīmu[wild-bull]N kaspu[silver]N ša[that]REL sippu[(door)-jamb]N nanzuzu[was-standing]AJ kayyānu[constant]AJ ina[in]PRP Ka-Utu-e[1]ON Ka-Lamma-arabi[1]ON Ka-hegal[1]ON u[and]CNJ Ka-ude-babbar[1]ON lā[not]MOD izuzzu[stand]V šarru[king]N mahru[front]N yâti[me]IP wašru[submissive-one]N šahtu[reverent]N ša[that]REL palāhu[be(come)-afraid]V ilu[god]N mūdû[knowing]AJ patāqu[make-brick-structures]V 8[NA]NA mušhuššu[serpent-dragon]N werû[copper]N šēzuzu[very-fierce]AJ ša[that]REL lemnu[evil]N u[and]CNJ ayyābu[enemy]N zaʾānu[be(come)-adorned]V imtu[poison]N mūtu[death]N tīru[overlay]N kaspu[silver]N ebbu[bright]AJ labāšu[clothe-oneself]V ina[in]PRP Ka-Utu-e[1]ON Ka-Lamma-arabi[1]ON Ka-hegal[1]ON u[and]CNJ Ka-ude-babbar[1]ON ina[in]PRP kisû[footing]N bābu[gate]N šināti[them]IP kīma[like]PRP labīru[original]N itti[with]PRP rīmu[wild-bull]N kaspu[silver]N ša[of]DET sippu[(door)-jamb]N kīma[like]PRP simtu[appropriate-symbol]N rēštû[first]AJ izuzzu[stand]V ina[in]PRP kigallu[socle]N parakku[dais]N šīmtu[what-is-fixed]N ša[that]REL qerbu[centre]N Ezida[1]TN ša[that]REL ina[in]PRP zagmukku[New-Year-(festival)]N rēšu[head]N šattu[year]N ina[in]PRP isinnu[festival]N akītu[(a-cultic-festival)]N tebû[get-up]V Enlil[1]DN ilu[god]N Marduk[1]DN Nabu[1]DN aplu[heir]N kīnu[permanent]AJ šadāhu[walk-forward]V ana[to]PRP qerbu[centre]N Šuanna[Babylon]QN UD.5.KAM₂[NA]NA UD.11.KAM₂[NA]NA ina[in]PRP alāku[go]V u[and]CNJ târu[turn]V ša[of]DET Babili[Babylon]SN Nabu[1]DN aplu[heir]N šitluṭu[triumphant]AJ ramû[set-in-place]V ṣēru[back]N ša[that]REL šarru[king]N mahru[front]N ina[in]PRP kaspu[silver]N patāqu[make-brick-structures]V pitqu[brickwork]N hurāṣu[gold]N nawru[bright]AJ tiqnu[embellishment]N melemmu[fearsome-radiance]N labāšu[clothe-oneself]V Purattu[Euphrates]WN nāru[river]N hengallu[plenty]N ša[that]REL ištu[from]PRP binītu[creation]N itû[boundary]N Esagil[1]TN šutēšuru[(kept)-in-order]AJ mû[water]N gapšu[arisen]AJ ina[in]PRP palû[reign-(of-a-king)]N šarru[king]N mahru[front]N mû[water]N ana[to]PRP itû[boundary]N Esagil[1]TN nesû[be(come)-distant]V rêqu[withdraw]V ana[to]PRP sâbu[draw]V yâti[me]IP ašru[place]N labīru[old]AJ šeʾû[seek-(out)]V mālaku[walk]N mû[water]N kīma[like]PRP labīru[original]N ana[to]PRP itû[boundary]N Esagil[1]TN ešēru[go-well]V palgu[canal]N ṣītu[exit]N šamšu[sun]N ša[that]REL šarru[king]N mahru[front]N herû[dig]V lā[not]MOD banû[create]V usukku[upper-cheek]N palgu[canal]N herû[dig]V ina[in]PRP kupru[bitumen]N u[and]CNJ agurru[baked-brick]N banû[create]V usukku[upper-cheek]N mû[water]N nuhšu[abundance]N lā[not]MOD naparkû[ceasing]AJ kânu[be(come)-permanent]V ana[to]PRP mātu[land]N ana[to]PRP Esagil[1]TN u[and]CNJ Ezida[1]TN lā[not]MOD baṭlu[ceased]AJ santak[continuously]AV kalû[totality]N māhāzu[shrine]N ilu[god]N ana[to]PRP zinnātu[support]N šeʾû[seek-(out)]V kayyānu[constant]AJ inūmīšu[in-those-days]AV ēkallu[palace]N mūšabu[dwelling]N šarrūtu[kingship]N ša[that]REL erṣetu[earth]N Ka-dingirra[1]QN ša[that]REL qerbu[centre]N Babili[Babylon]SN ištu[from]PRP Ay-ibur-šabu[1]ON šulû[street]N Babili[Babylon]SN adi[until]PRP kišādu[neck]N Purattu[Euphrates]WN ša[that]REL šarru[king]N mahru[front]N epēšu[do]V rakāsu[tie]V sippu[(door)-jamb]N ina[in]PRP libbu[interior]N ana[to]PRP kīdānu[outside]AV ēkallu[palace]N ana[to]PRP muhhu[skull]N kišādu[neck]N Purattu[Euphrates]WN qâpu[fall-down]V paṭāru[untie]V ṣimdu[binding]N igāru[wall]N quppu[collapsed]AJ dekû[raise]V šuplu[depth]N mû[water]N kašādu[reach]V mehretu[opposite-side]N mû[water]N ina[in]PRP kupru[bitumen]N u[and]CNJ agurru[baked-brick]N išdu[foundation]N rašādu[found]V epēšu[do]V šuklulu[complete]V elû[go-up]V rēšu[head]N erēnu[cedar]N dannu[strong]AJ ana[to]PRP šīpu[(a-part-of-the-roof)]N hittu[lintel]N u[and]CNJ ṣulūlu[roof]N tarāṣu[stretch-a-(measuring)-cord]V Marduk[1]DN bēlu[lord]N rabû[great]AJ Enlil[1]DN ilu[god]N šūpû[resplendent-one]N nūru[light]N ilu[god]N abu[father]N ina[in]PRP qibītu[speech]N ṣīru[exalted]AJ ša[that]REL lā[not]MOD nakāru[be(come)-different]V bītu[house]N epēšu[do]V lalû[plenty]N šebû[be(come)-full]V ina[in]PRP qerbu[centre]N šībūtu[old-age]N kašādu[reach]V šebû[be(come)-full]V littūtu[(extreme)-old-age]N ištu[from]PRP išdu[foundation]N šamû[heaven]N adi[until]PRP elītu[that-which-is-above]N šamû[heaven]N ēm[wherever]PRP Šamaš[1]DN waṣû[go-out]V ša[that]REL šarru[king]N kibru[bank]N ša[of]DET kalû[totality]N tenēštu[people]N biltu[load]N kabtu[heavy]AJ mahāru[face]V qerbu[centre]N līpu[descendant]N ina[in]PRP qerbu[centre]N ana[to]PRP dārītu[perpetuity]N ṣalmu[black-one]N qaqqadu[head]N bêlu[rule-(over)]V
Q005389,Nergal-šarra-uṣur[Neriglissar-king-of-Babylon]RN šarru[king]N Babili[Babylon]SN muddišu[restorer]N Esagil[1]TN u[and]CNJ Ezida[1]TN ēpišu[doer]N damqu[good-one]N
Q005391,Nergal-šarra-uṣur[Neriglissar-king-of-Babylon]RN šarru[king]N Babili[Babylon]SN rubû[ruler]N naʾdu[attentive]AJ biblu[(action-of)-bringing]N libbu[interior]N Marduk[1]DN iššiakku[city-ruler]N ṣīru[exalted]AJ narāmu[loved-one]N Nabu[1]DN muštālu[who-considers]N āhizu[informed-person]N nēmequ[wisdom]N ša[that]REL ana[to]PRP zinnātu[support]N Esagil[1]TN Ezida[1]TN u[and]CNJ Emeslam[1]TN māhāzu[shrine]N ilu[god]N rabû[great]AJ ṣamāru[wish]V lā[not]MOD naparkû[ceasing]AJ x[NA]NA ŠU[NA]NA KU[NA]NA x[NA]NA x-nim[NA]NA x[NA]NA x[NA]NA x[NA]NA x[NA]NA x[NA]NA Šamaš[1]DN x[NA]NA x[NA]NA ṣulūlu[roof]N ṭābu[good]AJ eli[on]PRP ummānu[military-force]N tarāṣu[stretch-a-(measuring)-cord]V ina[in]PRP dīnu[legal-decision]N u[and]CNJ bīru[divination]N Šamaš[1]DN x[NA]NA išariš[correctly]AV dabābu[speak]V x[NA]NA x[NA]NA palhiš[reverently]AV naʾādu[be(com)e-attentive]V ina[in]PRP šurrû[start]N šarrūtu[kingship]N ṭābu[good]AJ ziqqurratu[ziggurrat]N Sippar[1]SN ša[that]REL šarru[king]N mahru[front]N epēšu[do]V zunnu[rain]N u[and]CNJ rādu[downpour]N nesû[be(come)-distant]V libittu[mudbrick]N šarru[king]N pānu[front]N kašāru[restore]V libittu[mudbrick]N ešēru[go-well]V maqittu[dilapidation]N izuzzu[stand]V 22[NA]NA ammatu[unit]N epēšu[do]V lā[not]MOD šuklulu[complete]V rēšu[head]N yâti[me]IP emqu[wise-one]N mutnennû[who-prays-much]N ša[that]REL palāhu[be(come)-afraid]V ilu[god]N mūdû[knowing]AJ ina[in]PRP nēmequ[wisdom]N ša[that]REL Ea[1]DN šarāku[present]V x[NA]NA ana[to]PRP Šamaš[1]DN x[NA]NA x[NA]NA x[NA]NA ina[in]PRP dīnu[legal-decision]N x[NA]NA
Q005392,x[NA]NA Ezida[1]TN x-tim[NA]NA x[NA]NA x[NA]NA šarru[king]N pānu[front]N epēšu[do]V x[NA]NA x[NA]NA x[NA]NA igāru[wall]N ša[that]REL šarru[king]N mahru[front]N kašāru[restore]V lā[not]MOD wasāmu[be(come)-fitting]V šiknu[act-of-putting]N ina[in]PRP labāru[be(come)-old]V ūmu[day]N enēšu[be(come)-weak]V qâpu[fall-down]V zunnu[rain]N u[and]CNJ rādu[downpour]N rabû[great]AJ nesû[be(come)-distant]V igāru[wall]N ana[to]PRP tēdištu[renovation]N Šamaš[1]DN dayyānu[judge]N ṣīru[exalted]AJ dekû[raise]V libbu[interior]N libittu[mudbrick]N ešēru[go-well]V maqittu[dilapidation]N izuzzu[stand]V x[NA]NA x[NA]NA x[NA]NA x[NA]NA x[NA]NA iš[NA]NA
Q005393,rubû[ruler]N emqu[wise]AJ x[NA]NA ša[that]REL ina[in]PRP tukultu[trust]N ilu[god]N ūmišam[daily]AV puluhtu[awesomeness]N Marduk[1]DN bēlu[lord]N rabû[great]AJ u[and]CNJ Nabu[1]DN aplu[heir]N kīnu[permanent]AJ šeʾû[seek-(out)]V kayyānu[constant]AJ ana[to]PRP Esagil[1]TN u[and]CNJ Ezida[1]TN ṭahādu[thrive]V sattukku[regular-delivery]N x[NA]NA ša[that]REL eli[on]PRP Nabu[1]DN u[and]CNJ Marduk[1]DN bēlu[lord]N ṭābu[good]AJ ūmišam[daily]AV epēšu[do]V šeʾû[seek-(out)]V šalāmu[be(come)-healthy]V qibītu[speech]N māru[son]N Bel-šum-iškun[father-of-Neriglissar]PN rubû[ruler]N emqu[wise]AJ x[NA]NA eṭlu[young-man]N gitmālu[perfect]AJ eṭlu[young-man]N qardu[valiant]AJ x[NA]NA inūma[when]SBJ Nabu[1]DN šukkallu[(a-court-official)]N ṣīru[exalted]AJ mūtawû[one-who-discusses]N damqu[good-one]N awātu[word]N damqu[good-one]N awû[speak]V rēšu[head]N šarrūtu[kingship]N elû[go-up]V ina[in]PRP pānu[front]N damqu[good]AJ palāsu[look-at]V šarrūtu[kingship]N mīšaru[justice]N yâti[me]IP šarāku[present]V x[NA]NA ina[in]PRP qibītu[speech]N ṣīru[exalted]AJ x[NA]NA harrānu[way]N nakru[enemy]N redû[accompany]V x[NA]NA urhu[road]N šadû[mountain]N x[NA]NA x[NA]NA mātu[land]N x[NA]NA x[NA]NA x[NA]NA I[NA]NA DI[NA]NA TA[NA]NA MA[NA]NA x[NA]NA nakru[strange]AJ x[NA]NA x[NA]NA x[NA]NA KA[NA]NA AN[NA]NA x[NA]NA x[NA]NA x[NA]NA šarru[king]N x[NA]NA
Q005394,2[NA]NA qû[(a-capacity-measure)]N 1/2[NA]NA akalu[bread]N Nergal-šarra-uṣur[Neriglissar-king-of-Babylon]RN šarru[king]N Babili[Babylon]SN
